"类型","课程或指南","资料","资源ID","检查结果","HTTP","警告","下载链接"
"course","大学物理学基础Ⅳ‌","大学物理学基础教程（下册）.pdf","hThxS1xviF-Q3P-NC4TI9Q0t","missing","404","","https://resources.nkustudy.top/resources/%E5%A4%A7%E4%BA%8C%E4%B8%8A/%E9%80%9A%E8%AF%86%E5%BF%85%E4%BF%AE%E8%AF%BE/%E5%A4%A7%E5%AD%A6%E7%89%A9%E7%90%86%E5%AD%A6%E5%9F%BA%E7%A1%80%E2%85%A3%E2%80%8C/%E7%94%B5%E5%AD%90%E8%AF%BE%E6%9C%AC/%E5%A4%A7%E5%AD%A6%E7%89%A9%E7%90%86%E5%AD%A6%E5%9F%BA%E7%A1%80%E6%95%99%E7%A8%8B%EF%BC%88%E4%B8%8B%E5%86%8C%EF%BC%89.pdf"
"course","有机化学2-2","有机化学（下册）（新）.pdf","0LwwWsBlh3UGgaF8Y8d_wou8","reachable","206","over_wechat_200mb_limit","https://resources.nkustudy.top/resources/%E5%A4%A7%E4%BA%8C%E4%B8%8A/%E4%B8%93%E4%B8%9A%E5%BF%85%E4%BF%AE%E8%AF%BE/%E6%9C%89%E6%9C%BA%E5%8C%96%E5%AD%A62-2/%E7%94%B5%E5%AD%90%E8%AF%BE%E6%9C%AC/%E6%9C%89%E6%9C%BA%E5%8C%96%E5%AD%A6%EF%BC%88%E4%B8%8B%E5%86%8C%EF%BC%89%EF%BC%88%E6%96%B0%EF%BC%89.pdf"
"course","高等数学A（上）","高等数学（A类）I课程教学大纲(2023).docx","47yh2uCsA7Y_HNwrWyEiqLbD","missing","404","","https://resources.nkustudy.top/resources/%E5%A4%A7%E4%B8%80%E4%B8%8A/%E9%80%9A%E8%AF%86%E5%BF%85%E4%BF%AE%E8%AF%BE/%E9%AB%98%E7%AD%89%E6%95%B0%E5%AD%A6A%EF%BC%88%E4%B8%8A%EF%BC%89/%E9%AB%98%E7%AD%89%E6%95%B0%E5%AD%A6%EF%BC%88A%E7%B1%BB%EF%BC%89I%E8%AF%BE%E7%A8%8B%E6%95%99%E5%AD%A6%E5%A4%A7%E7%BA%B2(2023).docx"
"course","高等数学B（上）","2025级高数B（上）考试试卷及答案.docx","A5_5MPxlBr_GJAvNnxmikrfu","missing","404","","https://resources.nkustudy.top/resources/%E5%A4%A7%E4%B8%80%E4%B8%8A/%E9%80%9A%E8%AF%86%E5%BF%85%E4%BF%AE%E8%AF%BE/%E9%AB%98%E7%AD%89%E6%95%B0%E5%AD%A6B%EF%BC%88%E4%B8%8A%EF%BC%89/%E8%80%83%E8%AF%95%E7%9C%9F%E9%A2%98/2025%E7%BA%A7%E9%AB%98%E6%95%B0B%EF%BC%88%E4%B8%8A%EF%BC%89%E8%80%83%E8%AF%95%E8%AF%95%E5%8D%B7%E5%8F%8A%E7%AD%94%E6%A1%88.docx"
"course","化学概论","无机化学 第4版 下册 宋天佑.pdf","9wCmJ0yc6sgeHgXuM6nQGLCW","reachable","206","over_wechat_200mb_limit","https://resources.nkustudy.top/resources/%E5%A4%A7%E4%B8%80%E4%B8%8A/%E4%B8%93%E4%B8%9A%E5%BF%85%E4%BF%AE%E8%AF%BE/%E5%8C%96%E5%AD%A6%E6%A6%82%E8%AE%BA/%E7%94%B5%E5%AD%90%E8%AF%BE%E6%9C%AC%E5%8F%8A%E4%B9%A0%E9%A2%98%E7%AD%94%E6%A1%88/%E6%97%A0%E6%9C%BA%E5%8C%96%E5%AD%A6%20%E7%AC%AC4%E7%89%88%20%E4%B8%8B%E5%86%8C%20%E5%AE%8B%E5%A4%A9%E4%BD%91.pdf"
"course","初级宏观经济学","马工程西方经济学  第2版  下册.pdf","0PbhzbX1GbO2XyOBBtCa-3JV","missing","404","","https://resources.nkustudy.top/resources/%E5%A4%A7%E4%B8%80%E4%B8%8B/%E4%B8%93%E4%B8%9A%E5%BF%85%E4%BF%AE%E8%AF%BE/%E5%88%9D%E7%BA%A7%E5%AE%8F%E8%A7%82%E7%BB%8F%E6%B5%8E%E5%AD%A6/%E7%94%B5%E5%AD%90%E8%AF%BE%E6%9C%AC%E5%8F%8A%E4%B9%A0%E9%A2%98%E7%AD%94%E6%A1%88/%E9%A9%AC%E5%B7%A5%E7%A8%8B%E8%A5%BF%E6%96%B9%E7%BB%8F%E6%B5%8E%E5%AD%A6%20%20%E7%AC%AC2%E7%89%88%20%20%E4%B8%8B%E5%86%8C.pdf"
"course","定量化学分析","2007级分析期末考试试卷.pdf","v0eUbCeV0VrBKyM5f6Bm8f9B","missing","404","","https://resources.nkustudy.top/resources/%E5%A4%A7%E4%B8%80%E4%B8%8B/%E4%B8%93%E4%B8%9A%E5%BF%85%E4%BF%AE%E8%AF%BE/%E5%AE%9A%E9%87%8F%E5%8C%96%E5%AD%A6%E5%88%86%E6%9E%90/%E8%80%83%E8%AF%95%EF%BF%BD%EF%BF%BD%EF%BF%BD%E9%A2%98/%E6%9C%9F%E6%9C%AB%E8%80%83%E8%AF%95/2007%E7%BA%A7%E5%88%86%E6%9E%90%E6%9C%9F%E6%9C%AB%E8%80%83%E8%AF%95%E8%AF%95%E5%8D%B7.pdf"
"course","民法学（物权法）","电子课本.pdf","OZGTdZMSO6JhJv8OShCq9zs-","reachable","206","over_wechat_200mb_limit","https://resources.nkustudy.top/resources/%E5%A4%A7%E4%B8%80%E4%B8%8B/%E4%B8%93%E4%B8%9A%E5%BF%85%E4%BF%AE%E8%AF%BE/%E6%B0%91%E6%B3%95%E5%AD%A6%EF%BC%88%E7%89%A9%E6%9D%83%E6%B3%95%EF%BC%89/%E7%94%B5%E5%AD%90%E8%AF%BE%E6%9C%AC/%E7%94%B5%E5%AD%90%E8%AF%BE%E6%9C%AC.pdf"
"course","有机化学2-1","有机化学（上册）电子课本（新）.pdf","t79B47bpT-1OEDrO6kBDTLNr","reachable","206","over_wechat_200mb_limit","https://resources.nkustudy.top/resources/%E5%A4%A7%E4%B8%80%E4%B8%8B/%E4%B8%93%E4%B8%9A%E5%BF%85%E4%BF%AE%E8%AF%BE/%E6%9C%89%E6%9C%BA%E5%8C%96%E5%AD%A62-1/%E7%94%B5%E5%AD%90%E8%AF%BE%E6%9C%AC%E5%8F%8A%E4%B9%A0%E9%A2%98%E7%AD%94%E6%A1%88/%E6%9C%89%E6%9C%BA%E5%8C%96%E5%AD%A6%EF%BC%88%E4%B8%8A%E5%86%8C%EF%BC%89%E7%94%B5%E5%AD%90%E8%AF%BE%E6%9C%AC%EF%BC%88%E6%96%B0%EF%BC%89.pdf"
"course","中级微观经济学","中微辅导书.pdf","a4UxSZLIMGTsLr-BTEoSyEkG","missing","404","","https://resources.nkustudy.top/resources/%E5%A4%A7%E4%B8%80%E4%B8%8B/%E4%B8%93%E4%B8%9A%E5%BF%85%E4%BF%AE%E8%AF%BE/%E4%B8%AD%E7%BA%A7%E5%BE%AE%E8%A7%82%E7%BB%8F%E6%B5%8E%E5%AD%A6/%E7%94%B5%E5%AD%90%E8%AF%BE%E6%9C%AC/%E4%B8%AD%E5%BE%AE%E8%BE%85%E5%AF%BC%E4%B9%A6.pdf"
"course","中级微观经济学","中级微观经济学第六次作业＋答案.pdf","SJAHnEAuiuKhzrPTPYqr2jHR","missing","404","","https://resources.nkustudy.top/resources/%E5%A4%A7%E4%B8%80%E4%B8%8B/%E4%B8%93%E4%B8%9A%E5%BF%85%E4%BF%AE%E8%AF%BE/%E4%B8%AD%E7%BA%A7%E5%BE%AE%E8%A7%82%E7%BB%8F%E6%B5%8E%E5%AD%A6/%E4%BD%9C%E4%B8%9A%E5%8F%8A%E7%AD%94%E6%A1%88/%E4%B8%AD%E7%BA%A7%E5%BE%AE%E8%A7%82%E7%BB%8F%E6%B5%8E%E5%AD%A6%E7%AC%AC%E5%85%AD%E6%AC%A1%E4%BD%9C%E4%B8%9A%EF%BC%8B%E7%AD%94%E6%A1%88.pdf"
"course","中级微观经济学","中级微观经济学第三次作业+答案.pdf","fhkRMblPqz9fQ7epyVv_J1l_","missing","404","","https://resources.nkustudy.top/resources/%E5%A4%A7%E4%B8%80%E4%B8%8B/%E4%B8%93%E4%B8%9A%E5%BF%85%E4%BF%AE%E8%AF%BE/%E4%B8%AD%E7%BA%A7%E5%BE%AE%E8%A7%82%E7%BB%8F%E6%B5%8E%E5%AD%A6/%E4%BD%9C%E4%B8%9A%E5%8F%8A%E7%AD%94%E6%A1%88/%E4%B8%AD%E7%BA%A7%E5%BE%AE%E8%A7%82%E7%BB%8F%E6%B5%8E%E5%AD%A6%E7%AC%AC%E4%B8%89%E6%AC%A1%E4%BD%9C%E4%B8%9A%2B%E7%AD%94%E6%A1%88.pdf"
"course","中级微观经济学","中级微观经济学第四次作业+答案.pdf","pFCSytGmgajUSOOwmM21vsIT","missing","404","","https://resources.nkustudy.top/resources/%E5%A4%A7%E4%B8%80%E4%B8%8B/%E4%B8%93%E4%B8%9A%E5%BF%85%E4%BF%AE%E8%AF%BE/%E4%B8%AD%E7%BA%A7%E5%BE%AE%E8%A7%82%E7%BB%8F%E6%B5%8E%E5%AD%A6/%E4%BD%9C%E4%B8%9A%E5%8F%8A%E7%AD%94%E6%A1%88/%E4%B8%AD%E7%BA%A7%E5%BE%AE%E8%A7%82%E7%BB%8F%E6%B5%8E%E5%AD%A6%E7%AC%AC%E5%9B%9B%E6%AC%A1%E4%BD%9C%E4%B8%9A%2B%E7%AD%94%E6%A1%88.pdf"
"course","中级微观经济学","中级微观经济学第五次作业+答案.pdf","yYtpBWG7NXs5650KZKolJ1U2","missing","404","","https://resources.nkustudy.top/resources/%E5%A4%A7%E4%B8%80%E4%B8%8B/%E4%B8%93%E4%B8%9A%E5%BF%85%E4%BF%AE%E8%AF%BE/%E4%B8%AD%E7%BA%A7%E5%BE%AE%E8%A7%82%E7%BB%8F%E6%B5%8E%E5%AD%A6/%E4%BD%9C%E4%B8%9A%E5%8F%8A%E7%AD%94%E6%A1%88/%E4%B8%AD%E7%BA%A7%E5%BE%AE%E8%A7%82%E7%BB%8F%E6%B5%8E%E5%AD%A6%E7%AC%AC%E4%BA%94%E6%AC%A1%E4%BD%9C%E4%B8%9A%2B%E7%AD%94%E6%A1%88.pdf"
